timestamp_utc,batt_v,temp_c,rssi_dbm
2026-02-20T12:00:00Z,4.05,27.96,-60.7
2026-02-20T12:00:01Z,4.05,27.9,-61.0
2026-02-20T12:00:02Z,4.047,27.92,-61.4
2026-02-20T12:00:03Z,4.047,27.91,-60.6
2026-02-20T12:00:04Z,4.047,27.92,-59.8
2026-02-20T12:00:05Z,4.046,27.9,-60.3
2026-02-20T12:00:06Z,4.047,27.94,-61.1
2026-02-20T12:00:07Z,4.046,27.98,-61.5
2026-02-20T12:00:08Z,4.046,27.99,-60.1
2026-02-20T12:00:09Z,4.045,27.99,-59.4
2026-02-20T12:00:10Z,4.047,27.99,-59.5
2026-02-20T12:00:11Z,4.045,28.02,-58.6
2026-02-20T12:00:12Z,4.047,28.05,-58.9
2026-02-20T12:00:13Z,4.046,28.02,-59.1
2026-02-20T12:00:14Z,4.048,28.01,-58.3
2026-02-20T12:00:15Z,4.047,27.96,-59.3
2026-02-20T12:00:16Z,4.044,27.93,-60.8
2026-02-20T12:00:17Z,4.047,27.95,-60.9
2026-02-20T12:00:18Z,4.045,27.97,-59.8
2026-02-20T12:00:19Z,4.045,27.92,-60.2
2026-02-20T12:00:20Z,4.047,27.87,-61.6
2026-02-20T12:00:21Z,4.045,27.81,-61.1
2026-02-20T12:00:22Z,4.047,27.81,-61.6
2026-02-20T12:00:23Z,4.048,27.86,-61.7
2026-02-20T12:00:24Z,4.05,27.88,-61.5
2026-02-20T12:00:25Z,4.051,27.9,-61.4
2026-02-20T12:00:26Z,4.051,27.87,-61.1
2026-02-20T12:00:27Z,4.051,27.83,-59.2
2026-02-20T12:00:28Z,4.051,27.82,-57.9
2026-02-20T12:00:29Z,4.049,27.86,-57.5
2026-02-20T12:00:30Z,4.051,27.85,-57.8
2026-02-20T12:00:31Z,4.051,27.85,-57.2
2026-02-20T12:00:32Z,4.051,27.86,-56.5
2026-02-20T12:00:33Z,4.051,27.85,-57.0
2026-02-20T12:00:34Z,4.05,27.82,-55.3
2026-02-20T12:00:35Z,4.049,27.84,-55.1
2026-02-20T12:00:36Z,4.049,27.82,-55.0
2026-02-20T12:00:37Z,4.051,27.8,-54.4
2026-02-20T12:00:38Z,4.051,27.76,-55.0
2026-02-20T12:00:39Z,4.05,27.75,-54.0
2026-02-20T12:00:40Z,4.051,27.85,-53.8
2026-02-20T12:00:41Z,4.051,27.88,-54.0
2026-02-20T12:00:42Z,4.051,27.91,-52.6
2026-02-20T12:00:43Z,4.051,27.91,-51.6
2026-02-20T12:00:44Z,4.052,27.92,-51.6
2026-02-20T12:00:45Z,4.053,27.92,-52.4
2026-02-20T12:00:46Z,4.052,27.89,-52.7
2026-02-20T12:00:47Z,4.049,27.95,-52.7
2026-02-20T12:00:48Z,4.048,27.96,-53.2
2026-02-20T12:00:49Z,4.047,27.92,-54.1
2026-02-20T12:00:50Z,4.045,27.95,-55.2
2026-02-20T12:00:51Z,4.042,27.93,-56.2
2026-02-20T12:00:52Z,4.041,27.94,-56.5
2026-02-20T12:00:53Z,4.04,27.96,-56.5
2026-02-20T12:00:54Z,4.042,27.97,-55.8
2026-02-20T12:00:55Z,4.043,28.01,-56.9
2026-02-20T12:00:56Z,4.043,27.99,-55.9
2026-02-20T12:00:57Z,4.042,27.92,-55.0
2026-02-20T12:00:58Z,4.042,27.93,-55.3
2026-02-20T12:00:59Z,4.042,27.9,-54.7
2026-02-20T12:01:00Z,4.042,27.88,-53.4
2026-02-20T12:01:01Z,4.04,27.86,-54.7
2026-02-20T12:01:02Z,4.04,27.9,-54.4
2026-02-20T12:01:03Z,4.04,27.89,-53.5
2026-02-20T12:01:04Z,4.039,27.9,-52.4
2026-02-20T12:01:05Z,4.037,27.9,-51.6
2026-02-20T12:01:06Z,4.038,27.89,-51.4
2026-02-20T12:01:07Z,4.04,27.87,-51.4
2026-02-20T12:01:08Z,4.039,27.84,-51.3
2026-02-20T12:01:09Z,4.041,27.87,-52.8
2026-02-20T12:01:10Z,4.041,27.86,-51.9
2026-02-20T12:01:11Z,4.041,27.86,-53.4
2026-02-20T12:01:12Z,4.037,27.84,-52.6
2026-02-20T12:01:13Z,4.037,27.82,-51.3
2026-02-20T12:01:14Z,4.036,27.81,-51.8
2026-02-20T12:01:15Z,4.037,27.84,-51.5
2026-02-20T12:01:16Z,4.036,27.88,-51.2
2026-02-20T12:01:17Z,4.033,27.89,-51.6
2026-02-20T12:01:18Z,4.033,27.9,-51.5
2026-02-20T12:01:19Z,4.035,27.89,-52.0
2026-02-20T12:01:20Z,4.036,27.88,-52.3
2026-02-20T12:01:21Z,4.035,27.91,-52.2
2026-02-20T12:01:22Z,4.035,27.9,-52.7
2026-02-20T12:01:23Z,4.035,27.88,-52.2
2026-02-20T12:01:24Z,4.037,27.86,-52.8
2026-02-20T12:01:25Z,4.038,27.86,-53.3
2026-02-20T12:01:26Z,4.036,27.84,-54.8
2026-02-20T12:01:27Z,4.036,27.82,-54.2
2026-02-20T12:01:28Z,4.037,27.83,-53.7
2026-02-20T12:01:29Z,4.036,27.8,-52.1
2026-02-20T12:01:30Z,4.036,27.83,-53.0
2026-02-20T12:01:31Z,4.037,27.81,-53.2
2026-02-20T12:01:32Z,4.035,27.83,-53.4
2026-02-20T12:01:33Z,4.034,27.76,-54.2
2026-02-20T12:01:34Z,4.033,27.75,-52.4
2026-02-20T12:01:35Z,4.033,27.74,-52.6
2026-02-20T12:01:36Z,4.035,27.74,-52.9
2026-02-20T12:01:37Z,4.032,27.69,-53.1
2026-02-20T12:01:38Z,4.032,27.73,-52.8
2026-02-20T12:01:39Z,4.036,27.69,-54.5
2026-02-20T12:01:40Z,4.036,27.69,-55.3
2026-02-20T12:01:41Z,4.037,27.72,-54.4
2026-02-20T12:01:42Z,4.037,27.73,-54.3
2026-02-20T12:01:43Z,4.038,27.76,-54.1
2026-02-20T12:01:44Z,4.038,27.77,-53.4
2026-02-20T12:01:45Z,4.037,27.74,-52.8
2026-02-20T12:01:46Z,4.041,27.74,-52.6
2026-02-20T12:01:47Z,4.041,27.71,-52.7
2026-02-20T12:01:48Z,4.042,27.73,-50.4
2026-02-20T12:01:49Z,4.039,27.69,-52.0
2026-02-20T12:01:50Z,4.038,27.71,-51.6
2026-02-20T12:01:51Z,4.041,27.72,-51.6
2026-02-20T12:01:52Z,4.041,27.78,-52.9
2026-02-20T12:01:53Z,4.041,27.8,-54.9
2026-02-20T12:01:54Z,4.039,27.78,-55.3
2026-02-20T12:01:55Z,4.038,27.73,-55.6
2026-02-20T12:01:56Z,4.035,27.68,-54.9
2026-02-20T12:01:57Z,4.034,27.73,-54.7
2026-02-20T12:01:58Z,4.035,27.72,-56.8
2026-02-20T12:01:59Z,4.036,27.73,-56.7
2026-02-20T12:02:00Z,4.038,27.7,-57.3
2026-02-20T12:02:01Z,4.039,27.71,-57.4
2026-02-20T12:02:02Z,4.042,27.76,-57.3
2026-02-20T12:02:03Z,4.04,27.81,-58.7
2026-02-20T12:02:04Z,4.039,27.8,-57.4
2026-02-20T12:02:05Z,4.04,27.8,-55.9
2026-02-20T12:02:06Z,4.041,27.81,-56.4
2026-02-20T12:02:07Z,4.04,27.82,-56.9
2026-02-20T12:02:08Z,4.039,27.78,-57.0
2026-02-20T12:02:09Z,4.038,27.78,-56.8
2026-02-20T12:02:10Z,4.039,27.74,-56.5
2026-02-20T12:02:11Z,4.038,27.73,-57.3
2026-02-20T12:02:12Z,4.038,27.74,-58.1
2026-02-20T12:02:13Z,4.038,27.74,-57.2
2026-02-20T12:02:14Z,4.037,27.73,-56.1
2026-02-20T12:02:15Z,4.037,27.67,-56.4
2026-02-20T12:02:16Z,4.036,27.67,-55.6
2026-02-20T12:02:17Z,4.037,27.69,-57.0
2026-02-20T12:02:18Z,4.034,27.74,-57.2
2026-02-20T12:02:19Z,4.034,27.75,-57.8
2026-02-20T12:02:20Z,4.033,27.75,-58.2
2026-02-20T12:02:21Z,4.034,27.81,-58.5
2026-02-20T12:02:22Z,4.032,27.83,-57.8
2026-02-20T12:02:23Z,4.03,27.82,-58.1
2026-02-20T12:02:24Z,4.03,27.77,-58.6
2026-02-20T12:02:25Z,4.03,27.79,-58.4
2026-02-20T12:02:26Z,4.031,27.78,-58.8
2026-02-20T12:02:27Z,4.032,27.8,-59.0
2026-02-20T12:02:28Z,4.033,27.77,-58.4
2026-02-20T12:02:29Z,4.032,27.75,-58.0
2026-02-20T12:02:30Z,4.034,27.76,-57.9
2026-02-20T12:02:31Z,4.033,27.77,-58.7
2026-02-20T12:02:32Z,4.031,27.74,-59.4
2026-02-20T12:02:33Z,4.033,27.8,-59.2
2026-02-20T12:02:34Z,4.033,27.8,-59.8
2026-02-20T12:02:35Z,4.033,27.82,-58.9
2026-02-20T12:02:36Z,4.034,27.8,-59.7
2026-02-20T12:02:37Z,4.035,27.84,-58.3
2026-02-20T12:02:38Z,4.033,27.85,-58.3
2026-02-20T12:02:39Z,4.033,27.89,-58.2
2026-02-20T12:02:40Z,4.034,27.87,-58.6
2026-02-20T12:02:41Z,4.038,27.89,-58.7
2026-02-20T12:02:42Z,4.039,27.91,-59.9
2026-02-20T12:02:43Z,4.036,27.92,-60.7
2026-02-20T12:02:44Z,4.036,27.93,-60.0
2026-02-20T12:02:45Z,4.036,27.93,-60.0
2026-02-20T12:02:46Z,4.039,27.89,-60.3
2026-02-20T12:02:47Z,4.038,27.87,-60.8
2026-02-20T12:02:48Z,4.036,27.89,-60.7
2026-02-20T12:02:49Z,4.035,27.92,-59.5
2026-02-20T12:02:50Z,4.034,27.91,-59.4
2026-02-20T12:02:51Z,4.036,27.89,-59.3
2026-02-20T12:02:52Z,4.035,27.87,-59.0
2026-02-20T12:02:53Z,4.035,27.92,-60.7
2026-02-20T12:02:54Z,4.034,27.92,-61.0
2026-02-20T12:02:55Z,4.034,27.96,-60.7
2026-02-20T12:02:56Z,4.036,27.93,-59.9
2026-02-20T12:02:57Z,4.038,27.94,-59.4
2026-02-20T12:02:58Z,4.04,27.98,-61.0
2026-02-20T12:02:59Z,4.041,28.01,-60.8
2026-02-20T12:03:00Z,4.042,27.98,-61.0
2026-02-20T12:03:01Z,4.044,27.92,-59.0
2026-02-20T12:03:02Z,4.046,27.9,-59.8
2026-02-20T12:03:03Z,4.044,27.85,-60.4
2026-02-20T12:03:04Z,4.045,27.87,-60.5
2026-02-20T12:03:05Z,4.044,27.9,-61.3
2026-02-20T12:03:06Z,4.044,27.89,-61.8
2026-02-20T12:03:07Z,4.043,27.89,-61.5
2026-02-20T12:03:08Z,4.042,27.91,-61.6
2026-02-20T12:03:09Z,4.042,27.91,-61.4
2026-02-20T12:03:10Z,4.042,27.88,-61.0
2026-02-20T12:03:11Z,4.045,27.9,-61.5
2026-02-20T12:03:12Z,4.045,27.87,-62.7
2026-02-20T12:03:13Z,4.046,27.89,-61.9
2026-02-20T12:03:14Z,4.046,27.9,-62.6
2026-02-20T12:03:15Z,4.046,27.83,-63.8
2026-02-20T12:03:16Z,4.047,27.86,-63.6
2026-02-20T12:03:17Z,4.048,27.88,-63.5
2026-02-20T12:03:18Z,4.05,27.89,-63.4
2026-02-20T12:03:19Z,4.052,27.92,-63.7
2026-02-20T12:03:20Z,4.055,27.96,-63.3
2026-02-20T12:03:21Z,4.056,27.95,-62.7
2026-02-20T12:03:22Z,4.056,27.99,-62.6
2026-02-20T12:03:23Z,4.055,27.99,-62.3
2026-02-20T12:03:24Z,4.058,27.97,-62.5
2026-02-20T12:03:25Z,4.056,27.97,-64.4
2026-02-20T12:03:26Z,4.057,27.95,-64.9
2026-02-20T12:03:27Z,4.056,27.97,-65.5
2026-02-20T12:03:28Z,4.055,28.0,-65.6
2026-02-20T12:03:29Z,4.055,27.98,-65.0
2026-02-20T12:03:30Z,4.052,27.94,-65.6
2026-02-20T12:03:31Z,4.051,27.92,-66.5
2026-02-20T12:03:32Z,4.053,27.94,-65.3
2026-02-20T12:03:33Z,4.054,27.89,-65.1
2026-02-20T12:03:34Z,4.056,27.91,-64.4
2026-02-20T12:03:35Z,4.055,27.89,-65.1
2026-02-20T12:03:36Z,4.056,27.92,-64.6
2026-02-20T12:03:37Z,4.058,27.92,-64.3
2026-02-20T12:03:38Z,4.057,27.92,-65.0
2026-02-20T12:03:39Z,4.056,27.89,-65.0
2026-02-20T12:03:40Z,4.057,27.94,-65.7
2026-02-20T12:03:41Z,4.058,27.98,-65.6
2026-02-20T12:03:42Z,4.06,28.04,-66.1
2026-02-20T12:03:43Z,4.06,28.01,-66.4
2026-02-20T12:03:44Z,4.058,27.98,-66.0
2026-02-20T12:03:45Z,4.058,28.02,-65.9
2026-02-20T12:03:46Z,4.056,28.01,-65.5
2026-02-20T12:03:47Z,4.055,28.0,-64.9
2026-02-20T12:03:48Z,4.058,27.94,-65.4
2026-02-20T12:03:49Z,4.056,27.9,-64.0
2026-02-20T12:03:50Z,4.056,27.92,-64.0
2026-02-20T12:03:51Z,4.057,27.9,-63.8
2026-02-20T12:03:52Z,4.059,27.94,-63.4
2026-02-20T12:03:53Z,4.061,27.96,-63.1
2026-02-20T12:03:54Z,4.062,27.97,-62.2
2026-02-20T12:03:55Z,4.061,27.97,-62.5
2026-02-20T12:03:56Z,4.061,27.95,-63.4
2026-02-20T12:03:57Z,4.06,27.98,-62.3
2026-02-20T12:03:58Z,4.059,28.0,-63.2
2026-02-20T12:03:59Z,4.059,28.08,-62.3
2026-02-20T12:04:00Z,4.059,28.09,-61.5
2026-02-20T12:04:01Z,4.062,28.12,-59.9
2026-02-20T12:04:02Z,4.063,28.13,-58.8
2026-02-20T12:04:03Z,4.062,28.12,-59.7
2026-02-20T12:04:04Z,4.064,28.15,-59.1
2026-02-20T12:04:05Z,4.062,28.18,-60.3
2026-02-20T12:04:06Z,4.063,28.13,-60.2
2026-02-20T12:04:07Z,4.063,28.11,-60.9
2026-02-20T12:04:08Z,4.066,28.05,-60.6
2026-02-20T12:04:09Z,4.068,28.08,-61.8
2026-02-20T12:04:10Z,4.07,28.06,-62.3
2026-02-20T12:04:11Z,4.069,27.98,-62.9
2026-02-20T12:04:12Z,4.068,27.97,-63.9
2026-02-20T12:04:13Z,4.066,27.98,-64.8
2026-02-20T12:04:14Z,4.066,27.96,-64.1
2026-02-20T12:04:15Z,4.069,27.98,-64.4
2026-02-20T12:04:16Z,4.067,27.95,-64.2
2026-02-20T12:04:17Z,4.069,28.0,-64.2
2026-02-20T12:04:18Z,4.072,27.98,-64.7
2026-02-20T12:04:19Z,4.073,27.97,-64.6
2026-02-20T12:04:20Z,4.072,27.98,-65.1
2026-02-20T12:04:21Z,4.07,27.98,-65.2
2026-02-20T12:04:22Z,4.073,27.99,-65.5
2026-02-20T12:04:23Z,4.075,27.95,-65.9
2026-02-20T12:04:24Z,4.073,28.01,-64.6
2026-02-20T12:04:25Z,4.072,28.05,-64.4
2026-02-20T12:04:26Z,4.072,28.04,-63.8
2026-02-20T12:04:27Z,4.072,28.1,-63.5
2026-02-20T12:04:28Z,4.072,28.07,-63.0
2026-02-20T12:04:29Z,4.075,28.04,-62.4
2026-02-20T12:04:30Z,4.073,28.1,-62.8
2026-02-20T12:04:31Z,4.073,28.02,-63.6
2026-02-20T12:04:32Z,4.072,28.04,-63.3
2026-02-20T12:04:33Z,4.074,28.0,-62.9
2026-02-20T12:04:34Z,4.073,27.98,-61.8
2026-02-20T12:04:35Z,4.072,28.0,-61.5
2026-02-20T12:04:36Z,4.071,27.99,-61.0
2026-02-20T12:04:37Z,4.071,27.97,-60.4
2026-02-20T12:04:38Z,4.068,27.98,-59.8
2026-02-20T12:04:39Z,4.067,27.96,-61.8
2026-02-20T12:04:40Z,4.068,27.96,-62.2
2026-02-20T12:04:41Z,4.07,27.98,-61.3
2026-02-20T12:04:42Z,4.071,27.96,-61.1
2026-02-20T12:04:43Z,4.069,27.9,-63.7
2026-02-20T12:04:44Z,4.068,27.92,-64.3
2026-02-20T12:04:45Z,4.069,27.96,-64.3
2026-02-20T12:04:46Z,4.071,27.95,-65.0
2026-02-20T12:04:47Z,4.07,27.97,-64.6
2026-02-20T12:04:48Z,4.069,27.95,-64.9
2026-02-20T12:04:49Z,4.067,27.92,-65.8
2026-02-20T12:04:50Z,4.07,27.86,-64.9
2026-02-20T12:04:51Z,4.069,27.9,-65.3
2026-02-20T12:04:52Z,4.07,27.89,-64.6
2026-02-20T12:04:53Z,4.071,27.89,-65.1
2026-02-20T12:04:54Z,4.072,27.86,-66.3
2026-02-20T12:04:55Z,4.074,27.85,-68.1
2026-02-20T12:04:56Z,4.076,27.84,-69.4
2026-02-20T12:04:57Z,4.078,27.83,-68.4
2026-02-20T12:04:58Z,4.078,27.9,-67.9
2026-02-20T12:04:59Z,4.078,27.89,-67.6
2026-02-20T12:05:00Z,4.08,27.9,-67.7
2026-02-20T12:05:01Z,4.082,27.9,-67.1
2026-02-20T12:05:02Z,4.082,27.94,-67.0
2026-02-20T12:05:03Z,4.082,27.96,-67.9
2026-02-20T12:05:04Z,4.083,28.01,-68.6
2026-02-20T12:05:05Z,4.083,28.01,-68.1
2026-02-20T12:05:06Z,4.087,28.0,-67.8
2026-02-20T12:05:07Z,4.087,28.02,-69.1
2026-02-20T12:05:08Z,4.089,28.01,-68.9
2026-02-20T12:05:09Z,4.091,27.98,-68.8
2026-02-20T12:05:10Z,4.092,28.0,-69.5
2026-02-20T12:05:11Z,4.092,28.05,-69.5
2026-02-20T12:05:12Z,4.094,28.07,-69.6
2026-02-20T12:05:13Z,4.095,28.09,-69.5
2026-02-20T12:05:14Z,4.092,28.08,-69.3
2026-02-20T12:05:15Z,4.091,28.1,-69.0
2026-02-20T12:05:16Z,4.092,28.17,-68.1
2026-02-20T12:05:17Z,4.092,28.23,-67.5
2026-02-20T12:05:18Z,4.09,28.18,-66.6
2026-02-20T12:05:19Z,4.088,28.18,-65.7
2026-02-20T12:05:20Z,4.088,28.15,-63.8
2026-02-20T12:05:21Z,4.088,28.15,-65.3
2026-02-20T12:05:22Z,4.09,28.13,-63.7
2026-02-20T12:05:23Z,4.089,28.12,-64.5
2026-02-20T12:05:24Z,4.087,28.1,-65.1
2026-02-20T12:05:25Z,4.089,28.06,-66.1
2026-02-20T12:05:26Z,4.089,28.03,-66.7
2026-02-20T12:05:27Z,4.091,28.03,-65.6
2026-02-20T12:05:28Z,4.091,28.03,-66.1
2026-02-20T12:05:29Z,4.09,28.08,-65.8
2026-02-20T12:05:30Z,4.092,28.09,-65.5
2026-02-20T12:05:31Z,4.093,28.08,-64.1
2026-02-20T12:05:32Z,4.094,28.08,-65.5
2026-02-20T12:05:33Z,4.095,28.07,-65.2
2026-02-20T12:05:34Z,4.095,28.1,-65.7
2026-02-20T12:05:35Z,4.096,28.12,-64.8
2026-02-20T12:05:36Z,4.096,28.14,-63.1
2026-02-20T12:05:37Z,4.097,28.2,-63.1
2026-02-20T12:05:38Z,4.098,28.17,-62.0
2026-02-20T12:05:39Z,4.098,28.17,-62.2
2026-02-20T12:05:40Z,4.096,28.07,-61.2
2026-02-20T12:05:41Z,4.097,28.06,-60.5
2026-02-20T12:05:42Z,4.095,28.06,-59.7
2026-02-20T12:05:43Z,4.093,28.09,-58.6
2026-02-20T12:05:44Z,4.091,28.07,-59.4
2026-02-20T12:05:45Z,4.093,28.08,-59.4
2026-02-20T12:05:46Z,4.095,28.14,-59.2
2026-02-20T12:05:47Z,4.095,28.11,-60.1
2026-02-20T12:05:48Z,4.094,28.12,-60.0
2026-02-20T12:05:49Z,4.094,28.09,-59.6
2026-02-20T12:05:50Z,4.095,28.09,-60.4
2026-02-20T12:05:51Z,4.097,28.11,-61.1
2026-02-20T12:05:52Z,4.1,28.04,-60.3
2026-02-20T12:05:53Z,4.101,28.04,-58.7
2026-02-20T12:05:54Z,4.1,28.04,-58.7
2026-02-20T12:05:55Z,4.101,27.99,-58.9
2026-02-20T12:05:56Z,4.099,27.98,-58.3
2026-02-20T12:05:57Z,4.098,28.01,-58.1
2026-02-20T12:05:58Z,4.099,28.06,-58.9
2026-02-20T12:05:59Z,4.098,28.03,-59.2
2026-02-20T12:06:00Z,3.426,28.04,-59.1
2026-02-20T12:06:01Z,3.41,28.1,-59.8
2026-02-20T12:06:02Z,3.438,28.1,-59.4
2026-02-20T12:06:03Z,3.434,28.11,-60.0
2026-02-20T12:06:04Z,3.423,28.1,-60.5
2026-02-20T12:06:05Z,3.431,28.11,-60.4
2026-02-20T12:06:06Z,3.442,28.08,-60.6
2026-02-20T12:06:07Z,3.454,28.09,-61.2
2026-02-20T12:06:08Z,3.431,28.05,-61.2
2026-02-20T12:06:09Z,3.46,28.07,-60.2
2026-02-20T12:06:10Z,3.463,28.03,-61.3
2026-02-20T12:06:11Z,3.441,28.05,-62.5
2026-02-20T12:06:12Z,3.454,28.04,-62.5
2026-02-20T12:06:13Z,3.452,28.01,-64.0
2026-02-20T12:06:14Z,3.455,28.05,-64.3
2026-02-20T12:06:15Z,3.446,28.05,-63.2
2026-02-20T12:06:16Z,3.443,28.06,-61.9
2026-02-20T12:06:17Z,3.447,28.05,-62.1
2026-02-20T12:06:18Z,3.45,28.06,-62.8
2026-02-20T12:06:19Z,3.432,28.02,-61.4
2026-02-20T12:06:20Z,3.448,28.02,-62.0
2026-02-20T12:06:21Z,3.454,28.02,-61.3
2026-02-20T12:06:22Z,3.446,28.03,-62.1
2026-02-20T12:06:23Z,3.427,28.04,-62.9
2026-02-20T12:06:24Z,3.414,28.0,-62.9
2026-02-20T12:06:25Z,3.397,27.97,-62.8
2026-02-20T12:06:26Z,3.425,27.9,-63.6
2026-02-20T12:06:27Z,3.424,27.92,-65.7
2026-02-20T12:06:28Z,3.413,27.91,-65.3
2026-02-20T12:06:29Z,3.407,27.91,-65.9
2026-02-20T12:06:30Z,3.411,27.91,-65.5
2026-02-20T12:06:31Z,3.4,27.94,-65.5
2026-02-20T12:06:32Z,3.403,27.96,-65.0
2026-02-20T12:06:33Z,3.391,27.94,-64.0
2026-02-20T12:06:34Z,3.39,27.9,-63.7
2026-02-20T12:06:35Z,3.384,27.87,-64.5
2026-02-20T12:06:36Z,3.38,27.86,-65.1
2026-02-20T12:06:37Z,3.385,27.88,-64.5
2026-02-20T12:06:38Z,3.41,27.86,-63.7
2026-02-20T12:06:39Z,3.413,27.88,-63.8
2026-02-20T12:06:40Z,3.411,27.92,-63.8
2026-02-20T12:06:41Z,3.391,27.9,-63.9
2026-02-20T12:06:42Z,3.395,27.91,-64.5
2026-02-20T12:06:43Z,3.398,27.92,-64.1
2026-02-20T12:06:44Z,3.415,27.94,-64.1
2026-02-20T12:06:45Z,3.39,27.95,-64.6
2026-02-20T12:06:46Z,3.395,27.95,-62.8
2026-02-20T12:06:47Z,3.402,27.96,-62.6
2026-02-20T12:06:48Z,3.402,27.98,-63.4
2026-02-20T12:06:49Z,3.42,27.98,-62.8
2026-02-20T12:06:50Z,3.414,27.98,-63.9
2026-02-20T12:06:51Z,3.418,27.97,-62.8
2026-02-20T12:06:52Z,3.431,27.97,-63.7
2026-02-20T12:06:53Z,3.427,27.93,-62.5
2026-02-20T12:06:54Z,3.439,27.93,-62.4
2026-02-20T12:06:55Z,3.436,27.97,-62.0
2026-02-20T12:06:56Z,3.441,27.97,-61.7
2026-02-20T12:06:57Z,3.441,28.01,-62.4
2026-02-20T12:06:58Z,3.441,28.04,-62.8
2026-02-20T12:06:59Z,3.437,28.06,-63.2
2026-02-20T12:07:00Z,3.437,28.02,-61.0
2026-02-20T12:07:01Z,3.431,28.02,-61.8
2026-02-20T12:07:02Z,3.442,28.02,-61.8
2026-02-20T12:07:03Z,3.457,28.05,-60.6
2026-02-20T12:07:04Z,3.453,28.05,-59.5
2026-02-20T12:07:05Z,3.434,28.09,-60.7
2026-02-20T12:07:06Z,3.459,28.07,-61.5
2026-02-20T12:07:07Z,3.43,28.07,-61.4
2026-02-20T12:07:08Z,3.445,28.05,-61.0
2026-02-20T12:07:09Z,3.443,28.04,-61.2
2026-02-20T12:07:10Z,3.428,28.0,-62.6
2026-02-20T12:07:11Z,3.448,28.01,-63.0
2026-02-20T12:07:12Z,3.441,28.0,-63.7
2026-02-20T12:07:13Z,3.438,27.96,-63.1
2026-02-20T12:07:14Z,3.435,27.95,-62.6
2026-02-20T12:07:15Z,3.434,27.93,-63.1
2026-02-20T12:07:16Z,3.424,27.94,-62.5
2026-02-20T12:07:17Z,3.418,27.92,-63.3
2026-02-20T12:07:18Z,3.421,27.91,-64.0
2026-02-20T12:07:19Z,3.392,27.87,-64.4
2026-02-20T12:07:20Z,3.4,27.86,-64.1
2026-02-20T12:07:21Z,3.416,27.85,-63.7
2026-02-20T12:07:22Z,3.395,27.84,-62.4
2026-02-20T12:07:23Z,3.383,27.83,-62.9
2026-02-20T12:07:24Z,3.401,27.79,-62.9
2026-02-20T12:07:25Z,3.385,27.83,-62.1
2026-02-20T12:07:26Z,3.383,27.83,-62.8
2026-02-20T12:07:27Z,3.387,27.86,-62.0
2026-02-20T12:07:28Z,3.387,27.86,-61.4
2026-02-20T12:07:29Z,3.408,27.88,-62.3
2026-02-20T12:07:30Z,3.392,27.86,-63.0
2026-02-20T12:07:31Z,3.6,27.9,-63.0
2026-02-20T12:07:32Z,3.601,27.91,-62.7
2026-02-20T12:07:33Z,3.6,27.92,-64.2
2026-02-20T12:07:34Z,3.603,27.93,-64.5
2026-02-20T12:07:35Z,3.603,27.93,-62.8
2026-02-20T12:07:36Z,3.6,27.87,-62.9
2026-02-20T12:07:37Z,3.6,27.95,-61.4
2026-02-20T12:07:38Z,3.601,27.88,-61.4
2026-02-20T12:07:39Z,3.6,27.88,-60.6
2026-02-20T12:07:40Z,3.604,27.84,-61.3
2026-02-20T12:07:41Z,3.602,27.86,-62.9
2026-02-20T12:07:42Z,3.601,27.85,-63.3
2026-02-20T12:07:43Z,3.6,27.81,-63.8
2026-02-20T12:07:44Z,3.601,27.85,-64.0
2026-02-20T12:07:45Z,3.6,27.86,-63.9
2026-02-20T12:07:46Z,3.601,27.87,-63.6
2026-02-20T12:07:47Z,3.603,27.86,-62.4
2026-02-20T12:07:48Z,3.605,27.88,-62.8
2026-02-20T12:07:49Z,3.605,27.91,-64.1
2026-02-20T12:07:50Z,3.605,27.93,-65.3
2026-02-20T12:07:51Z,3.603,27.9,-66.0
2026-02-20T12:07:52Z,3.603,27.9,-66.6
2026-02-20T12:07:53Z,3.604,27.9,-65.0
2026-02-20T12:07:54Z,3.604,27.89,-66.8
2026-02-20T12:07:55Z,3.603,27.87,-67.1
2026-02-20T12:07:56Z,3.6,27.91,-66.9
2026-02-20T12:07:57Z,3.601,27.93,-66.8
2026-02-20T12:07:58Z,3.6,27.91,-67.7
2026-02-20T12:07:59Z,3.602,27.97,-68.3
2026-02-20T12:08:00Z,3.601,27.99,-67.5
2026-02-20T12:08:01Z,3.601,28.05,-67.8
2026-02-20T12:08:02Z,3.6,28.05,-67.6
2026-02-20T12:08:03Z,3.6,28.04,-67.5
2026-02-20T12:08:04Z,3.6,28.07,-68.5
2026-02-20T12:08:05Z,3.601,28.04,-68.6
2026-02-20T12:08:06Z,3.6,28.04,-69.0
2026-02-20T12:08:07Z,3.602,28.07,-69.2
2026-02-20T12:08:08Z,3.603,28.11,-70.2
2026-02-20T12:08:09Z,3.601,28.08,-70.8
2026-02-20T12:08:10Z,3.6,28.13,-69.4
2026-02-20T12:08:11Z,3.6,28.08,-69.4
2026-02-20T12:08:12Z,3.6,28.12,-68.2
2026-02-20T12:08:13Z,3.6,28.12,-68.8
2026-02-20T12:08:14Z,3.602,28.11,-68.5
2026-02-20T12:08:15Z,3.6,28.13,-67.7
2026-02-20T12:08:16Z,3.6,28.16,-67.0
2026-02-20T12:08:17Z,3.603,28.19,-66.7
2026-02-20T12:08:18Z,3.604,28.19,-67.3
2026-02-20T12:08:19Z,3.605,28.15,-66.7
2026-02-20T12:08:20Z,3.602,28.15,-66.4
2026-02-20T12:08:21Z,3.602,28.13,-66.6
2026-02-20T12:08:22Z,3.6,28.12,-66.6
2026-02-20T12:08:23Z,3.6,28.12,-66.7
2026-02-20T12:08:24Z,3.603,28.14,-68.8
2026-02-20T12:08:25Z,3.601,28.15,-69.3
2026-02-20T12:08:26Z,3.6,28.18,-69.9
2026-02-20T12:08:27Z,3.601,28.21,-70.4
2026-02-20T12:08:28Z,3.6,28.21,-71.1
2026-02-20T12:08:29Z,3.601,28.24,-70.1
2026-02-20T12:08:30Z,3.604,28.21,-70.7
2026-02-20T12:08:31Z,3.604,28.17,-70.6
2026-02-20T12:08:32Z,3.603,28.22,-70.4
2026-02-20T12:08:33Z,3.603,28.19,-69.0
2026-02-20T12:08:34Z,3.603,28.19,-69.3
2026-02-20T12:08:35Z,3.603,28.19,-68.1
2026-02-20T12:08:36Z,3.603,28.22,-67.7
2026-02-20T12:08:37Z,3.604,28.23,-68.4
2026-02-20T12:08:38Z,3.605,28.26,-68.4
2026-02-20T12:08:39Z,3.602,28.24,-69.0
2026-02-20T12:08:40Z,3.602,28.18,-69.8
2026-02-20T12:08:41Z,3.603,28.15,-70.3
2026-02-20T12:08:42Z,3.605,28.17,-71.3
2026-02-20T12:08:43Z,3.607,28.13,-72.1
2026-02-20T12:08:44Z,3.606,28.12,-72.1
2026-02-20T12:08:45Z,3.605,28.15,-72.2
2026-02-20T12:08:46Z,3.604,28.16,-73.5
2026-02-20T12:08:47Z,3.603,28.19,-73.7
2026-02-20T12:08:48Z,3.605,28.14,-74.6
2026-02-20T12:08:49Z,3.607,28.23,-74.7
2026-02-20T12:08:50Z,3.607,28.23,-74.4
2026-02-20T12:08:51Z,3.608,28.24,-73.7
2026-02-20T12:08:52Z,3.611,28.25,-74.1
2026-02-20T12:08:53Z,3.61,28.27,-75.1
2026-02-20T12:08:54Z,3.612,28.29,-76.6
2026-02-20T12:08:55Z,3.611,28.33,-77.1
2026-02-20T12:08:56Z,3.61,28.33,-77.0
2026-02-20T12:08:57Z,3.612,28.37,-77.2
2026-02-20T12:08:58Z,3.609,28.39,-76.4
2026-02-20T12:08:59Z,3.61,28.38,-75.3
2026-02-20T12:09:00Z,3.61,28.39,-74.4
2026-02-20T12:09:01Z,3.612,28.43,-73.8
2026-02-20T12:09:02Z,3.61,28.45,-74.5
2026-02-20T12:09:03Z,3.61,28.53,-75.4
2026-02-20T12:09:04Z,3.61,28.53,-75.4
2026-02-20T12:09:05Z,3.611,28.56,-75.2
2026-02-20T12:09:06Z,3.612,28.53,-74.8
2026-02-20T12:09:07Z,3.61,28.49,-74.9
2026-02-20T12:09:08Z,3.612,28.52,-74.0
2026-02-20T12:09:09Z,3.61,28.54,-73.1
2026-02-20T12:09:10Z,3.608,28.57,-73.0
2026-02-20T12:09:11Z,3.607,28.59,-72.8
2026-02-20T12:09:12Z,3.605,28.61,-72.6
2026-02-20T12:09:13Z,3.606,28.62,-71.8
2026-02-20T12:09:14Z,3.605,28.65,-71.0
2026-02-20T12:09:15Z,3.606,28.67,-71.2
2026-02-20T12:09:16Z,3.606,28.63,-71.5
2026-02-20T12:09:17Z,3.607,28.74,-70.1
2026-02-20T12:09:18Z,3.609,28.76,-70.8
2026-02-20T12:09:19Z,3.609,28.76,-70.2
2026-02-20T12:09:20Z,3.611,28.75,-70.9
2026-02-20T12:09:21Z,3.611,28.75,-70.8
2026-02-20T12:09:22Z,3.612,28.69,-71.6
2026-02-20T12:09:23Z,3.613,28.71,-72.1
2026-02-20T12:09:24Z,3.616,28.68,-72.4
2026-02-20T12:09:25Z,3.615,28.71,-72.2
2026-02-20T12:09:26Z,3.614,28.68,-71.4
2026-02-20T12:09:27Z,3.617,28.75,-71.8
2026-02-20T12:09:28Z,3.618,28.72,-72.7
2026-02-20T12:09:29Z,3.616,28.73,-72.4
2026-02-20T12:09:30Z,3.616,28.74,-71.5
2026-02-20T12:09:31Z,3.614,28.73,-71.8
2026-02-20T12:09:32Z,3.615,28.77,-71.2
2026-02-20T12:09:33Z,3.617,28.75,-69.6
2026-02-20T12:09:34Z,3.619,28.78,-70.8
2026-02-20T12:09:35Z,3.618,28.74,-71.0
2026-02-20T12:09:36Z,3.617,28.71,-70.2
2026-02-20T12:09:37Z,3.618,28.77,-70.7
2026-02-20T12:09:38Z,3.617,28.83,-72.3
2026-02-20T12:09:39Z,3.615,28.8,-72.1
2026-02-20T12:09:40Z,3.615,28.76,-70.8
2026-02-20T12:09:41Z,3.615,28.79,-69.1
2026-02-20T12:09:42Z,3.616,28.77,-69.8
2026-02-20T12:09:43Z,3.613,28.79,-69.7
2026-02-20T12:09:44Z,3.614,28.8,-69.8
2026-02-20T12:09:45Z,3.616,28.82,-68.2
2026-02-20T12:09:46Z,3.614,28.82,-67.4
2026-02-20T12:09:47Z,3.616,28.85,-67.5
2026-02-20T12:09:48Z,3.615,28.84,-67.3
2026-02-20T12:09:49Z,3.616,28.82,-67.4
2026-02-20T12:09:50Z,3.617,28.83,-68.0
2026-02-20T12:09:51Z,3.616,28.81,-67.3
2026-02-20T12:09:52Z,3.617,28.88,-68.8
2026-02-20T12:09:53Z,3.618,28.91,-68.7
2026-02-20T12:09:54Z,3.614,28.9,-69.7
2026-02-20T12:09:55Z,3.614,28.88,-70.2
2026-02-20T12:09:56Z,3.614,28.88,-71.5
2026-02-20T12:09:57Z,3.614,28.93,-72.0
2026-02-20T12:09:58Z,3.613,28.93,-71.3
2026-02-20T12:09:59Z,3.613,28.93,-71.7
2026-02-20T12:10:00Z,3.612,28.95,-91.6
2026-02-20T12:10:01Z,3.613,28.95,-90.2
2026-02-20T12:10:02Z,3.612,28.92,-93.7
2026-02-20T12:10:03Z,3.612,28.97,-91.0
2026-02-20T12:10:04Z,3.612,28.99,-93.3
2026-02-20T12:10:05Z,3.613,29.04,-93.0
2026-02-20T12:10:06Z,3.611,28.95,-90.7
2026-02-20T12:10:07Z,3.612,28.9,-89.7
2026-02-20T12:10:08Z,3.61,28.92,-93.5
2026-02-20T12:10:09Z,3.61,28.91,-90.6
2026-02-20T12:10:10Z,3.608,28.93,-91.8
2026-02-20T12:10:11Z,3.61,28.98,-90.8
2026-02-20T12:10:12Z,3.613,28.94,-91.0
2026-02-20T12:10:13Z,3.612,28.99,-88.0
2026-02-20T12:10:14Z,3.615,28.97,-90.8
2026-02-20T12:10:15Z,3.613,29.01,-90.0
2026-02-20T12:10:16Z,3.614,29.02,-89.9
2026-02-20T12:10:17Z,3.614,29.06,-93.7
2026-02-20T12:10:18Z,3.617,29.04,-90.4
2026-02-20T12:10:19Z,3.618,29.04,-92.2
2026-02-20T12:10:20Z,3.618,29.01,-93.7
2026-02-20T12:10:21Z,3.617,29.05,-80
2026-02-20T12:10:22Z,3.618,29.07,-80
2026-02-20T12:10:23Z,3.617,29.13,-79.7
2026-02-20T12:10:24Z,3.616,29.11,-79.9
2026-02-20T12:10:25Z,3.615,29.07,-80
2026-02-20T12:10:26Z,3.615,29.03,-79.6
2026-02-20T12:10:27Z,3.615,29.05,-79.5
2026-02-20T12:10:28Z,3.617,29.13,-80
2026-02-20T12:10:29Z,3.617,29.16,-78.8
2026-02-20T12:10:30Z,3.62,29.16,-78.0
2026-02-20T12:10:31Z,3.621,29.15,-79.1
2026-02-20T12:10:32Z,3.618,29.17,-77.6
2026-02-20T12:10:33Z,3.619,29.19,-77.4
2026-02-20T12:10:34Z,3.618,29.17,-77.0
2026-02-20T12:10:35Z,3.618,29.17,-76.5
2026-02-20T12:10:36Z,3.619,29.18,-76.6
2026-02-20T12:10:37Z,3.618,29.22,-76.8
2026-02-20T12:10:38Z,3.615,29.28,-77.9
2026-02-20T12:10:39Z,3.615,29.26,-78.4
2026-02-20T12:10:40Z,3.617,29.27,-78.4
2026-02-20T12:10:41Z,3.616,29.32,-78.0
2026-02-20T12:10:42Z,3.619,29.35,-76.7
2026-02-20T12:10:43Z,3.62,29.35,-76.5
2026-02-20T12:10:44Z,3.62,29.34,-76.9
2026-02-20T12:10:45Z,3.62,29.32,-76.8
2026-02-20T12:10:46Z,3.618,29.32,-76.4
2026-02-20T12:10:47Z,3.618,29.29,-77.7
2026-02-20T12:10:48Z,3.615,29.29,-74.9
2026-02-20T12:10:49Z,3.615,29.31,-75.8
2026-02-20T12:10:50Z,3.614,29.32,-74.8
2026-02-20T12:10:51Z,3.614,29.36,-73.9
2026-02-20T12:10:52Z,3.612,29.33,-74.2
2026-02-20T12:10:53Z,3.613,29.31,-74.4
2026-02-20T12:10:54Z,3.612,29.25,-75.7
2026-02-20T12:10:55Z,3.613,29.22,-76.9
2026-02-20T12:10:56Z,3.611,29.25,-78.4
2026-02-20T12:10:57Z,3.609,29.26,-79.1
2026-02-20T12:10:58Z,3.609,29.28,-80
2026-02-20T12:10:59Z,3.606,29.27,-80
2026-02-20T12:11:00Z,3.606,29.29,-80
2026-02-20T12:11:01Z,3.606,29.3,-79.8
2026-02-20T12:11:02Z,3.608,29.34,-78.8
2026-02-20T12:11:03Z,3.609,29.32,-79.2
2026-02-20T12:11:04Z,3.609,29.29,-79.3
2026-02-20T12:11:05Z,3.609,29.31,-78.2
2026-02-20T12:11:06Z,3.606,29.3,-78.5
2026-02-20T12:11:07Z,3.606,29.29,-77.7
2026-02-20T12:11:08Z,3.607,29.27,-77.9
2026-02-20T12:11:09Z,3.607,29.28,-77.3
2026-02-20T12:11:10Z,3.606,29.24,-76.3
2026-02-20T12:11:11Z,3.609,29.27,-77.7
2026-02-20T12:11:12Z,3.609,29.3,-77.2
2026-02-20T12:11:13Z,3.61,29.31,-77.7
2026-02-20T12:11:14Z,3.609,29.29,-79.1
2026-02-20T12:11:15Z,3.609,29.31,-79.2
2026-02-20T12:11:16Z,3.611,29.37,-78.3
2026-02-20T12:11:17Z,3.608,29.35,-79.2
2026-02-20T12:11:18Z,3.608,29.34,-80
2026-02-20T12:11:19Z,3.61,29.32,-78.8
2026-02-20T12:11:20Z,3.61,29.32,-77.6
2026-02-20T12:11:21Z,3.61,29.29,-76.6
2026-02-20T12:11:22Z,3.609,29.31,-76.2
2026-02-20T12:11:23Z,3.61,29.32,-76.1
2026-02-20T12:11:24Z,3.61,29.37,-76.9
2026-02-20T12:11:25Z,3.612,29.36,-76.6
2026-02-20T12:11:26Z,3.611,29.33,-77.3
2026-02-20T12:11:27Z,3.61,29.3,-77.0
2026-02-20T12:11:28Z,3.611,29.34,-77.5
2026-02-20T12:11:29Z,3.609,29.34,-79.0
2026-02-20T12:11:30Z,3.608,29.36,-79.3
2026-02-20T12:11:31Z,3.611,29.37,-80
2026-02-20T12:11:32Z,3.609,29.41,-80
2026-02-20T12:11:33Z,3.611,29.37,-80
2026-02-20T12:11:34Z,3.611,29.35,-80
2026-02-20T12:11:35Z,3.612,29.33,-80
2026-02-20T12:11:36Z,3.613,29.35,-80
2026-02-20T12:11:37Z,3.615,29.35,-80.0
2026-02-20T12:11:38Z,3.616,29.3,-79.7
2026-02-20T12:11:39Z,3.619,29.28,-79.6
2026-02-20T12:11:40Z,3.618,29.27,-79.2
2026-02-20T12:11:41Z,3.619,29.27,-78.5
2026-02-20T12:11:42Z,3.62,29.36,-79.0
2026-02-20T12:11:43Z,3.619,29.33,-78.2
2026-02-20T12:11:44Z,3.621,29.37,-77.9
2026-02-20T12:11:45Z,3.623,29.41,-77.9
2026-02-20T12:11:46Z,3.623,29.44,-77.6
2026-02-20T12:11:47Z,3.625,29.44,-78.0
2026-02-20T12:11:48Z,3.626,29.46,-76.9
2026-02-20T12:11:49Z,3.626,29.5,-76.9
2026-02-20T12:11:50Z,3.625,29.46,-75.2
2026-02-20T12:11:51Z,3.623,29.41,-75.6
2026-02-20T12:11:52Z,3.625,29.43,-74.3
2026-02-20T12:11:53Z,3.626,29.45,-73.8
2026-02-20T12:11:54Z,3.625,29.46,-74.6
2026-02-20T12:11:55Z,3.623,29.46,-74.7
2026-02-20T12:11:56Z,3.625,29.45,-73.7
2026-02-20T12:11:57Z,3.629,29.5,-73.6
2026-02-20T12:11:58Z,3.627,29.45,-73.0
2026-02-20T12:11:59Z,3.625,29.45,-71.8
2026-02-20T12:12:00Z,3.625,44.09,-72.0
2026-02-20T12:12:01Z,3.627,44.3,-72.8
2026-02-20T12:12:02Z,3.627,44.32,-72.8
2026-02-20T12:12:03Z,3.627,44.58,-71.1
2026-02-20T12:12:04Z,3.627,44.5,-70.9
2026-02-20T12:12:05Z,3.63,44.94,-72.0
2026-02-20T12:12:06Z,3.629,44.41,-72.3
2026-02-20T12:12:07Z,3.631,44.61,-72.2
2026-02-20T12:12:08Z,3.631,44.59,-70.8
2026-02-20T12:12:09Z,3.633,44.53,-71.2
2026-02-20T12:12:10Z,3.633,44.93,-69.8
2026-02-20T12:12:11Z,3.632,44.91,-69.0
2026-02-20T12:12:12Z,3.633,44.45,-69.3
2026-02-20T12:12:13Z,3.631,44.97,-69.3
2026-02-20T12:12:14Z,3.631,45.22,-69.5
2026-02-20T12:12:15Z,3.629,45.18,-70.6
2026-02-20T12:12:16Z,3.631,45.09,-71.5
2026-02-20T12:12:17Z,3.631,45.6,-70.0
2026-02-20T12:12:18Z,3.63,45.47,-69.8
2026-02-20T12:12:19Z,3.63,45.62,-69.7
2026-02-20T12:12:20Z,3.63,46.35,-69.0
2026-02-20T12:12:21Z,3.629,46.07,-68.1
2026-02-20T12:12:22Z,3.628,46.26,-68.2
2026-02-20T12:12:23Z,3.629,46.47,-69.2
2026-02-20T12:12:24Z,3.628,46.92,-68.6
2026-02-20T12:12:25Z,3.628,46.95,-67.4
2026-02-20T12:12:26Z,3.625,46.87,-67.8
2026-02-20T12:12:27Z,3.624,46.72,-68.0
2026-02-20T12:12:28Z,3.622,47.2,-70.2
2026-02-20T12:12:29Z,3.622,47.55,-70.0
2026-02-20T12:12:30Z,3.622,47.4,-69.6
2026-02-20T12:12:31Z,3.625,47.43,-70.5
2026-02-20T12:12:32Z,3.624,47.77,-69.7
2026-02-20T12:12:33Z,3.624,47.41,-68.6
2026-02-20T12:12:34Z,3.624,48.09,-68.9
2026-02-20T12:12:35Z,3.623,47.63,-68.0
2026-02-20T12:12:36Z,3.623,47.75,-67.5
2026-02-20T12:12:37Z,3.624,47.61,-67.1
2026-02-20T12:12:38Z,3.623,47.7,-67.9
2026-02-20T12:12:39Z,3.623,47.41,-67.9
2026-02-20T12:12:40Z,3.625,47.52,-67.8
2026-02-20T12:12:41Z,3.626,47.37,-67.7
2026-02-20T12:12:42Z,3.627,47.33,-69.7
2026-02-20T12:12:43Z,3.624,47.02,-69.8
2026-02-20T12:12:44Z,3.625,46.89,-69.3
2026-02-20T12:12:45Z,3.624,46.73,-69.8
2026-02-20T12:12:46Z,3.623,46.85,-70.5
2026-02-20T12:12:47Z,3.623,46.12,-69.1
2026-02-20T12:12:48Z,3.625,46.47,-70.2
2026-02-20T12:12:49Z,3.626,45.76,-69.6
2026-02-20T12:12:50Z,3.625,46.23,-70.1
2026-02-20T12:12:51Z,3.622,46.0,-70.0
2026-02-20T12:12:52Z,3.621,45.93,-70.3
2026-02-20T12:12:53Z,3.621,45.59,-68.9
2026-02-20T12:12:54Z,3.618,45.47,-69.6
2026-02-20T12:12:55Z,3.62,45.11,-69.3
2026-02-20T12:12:56Z,3.62,44.99,-69.3
2026-02-20T12:12:57Z,3.62,44.98,-69.5
2026-02-20T12:12:58Z,3.621,45.21,-69.8
2026-02-20T12:12:59Z,3.621,44.95,-68.2
2026-02-20T12:13:00Z,3.621,44.55,-67.4
2026-02-20T12:13:01Z,3.622,44.62,-68.4
2026-02-20T12:13:02Z,3.621,44.27,-69.3
2026-02-20T12:13:03Z,3.625,44.67,-69.7
2026-02-20T12:13:04Z,3.625,44.62,-69.2
2026-02-20T12:13:05Z,3.624,43.93,-68.0
2026-02-20T12:13:06Z,3.624,44.15,-69.6
2026-02-20T12:13:07Z,3.623,44.18,-69.7
2026-02-20T12:13:08Z,3.62,44.63,-69.8
2026-02-20T12:13:09Z,3.621,44.35,-69.6
2026-02-20T12:13:10Z,3.621,44.77,-70.3
2026-02-20T12:13:11Z,3.624,38,-71.0
2026-02-20T12:13:12Z,3.624,38,-71.7
2026-02-20T12:13:13Z,3.624,38,-71.5
2026-02-20T12:13:14Z,3.627,38.0,-72.3
2026-02-20T12:13:15Z,3.628,38,-73.5
2026-02-20T12:13:16Z,3.63,37.99,-73.4
2026-02-20T12:13:17Z,3.63,38,-72.4
2026-02-20T12:13:18Z,3.632,37.99,-73.6
2026-02-20T12:13:19Z,3.633,37.98,-74.9
2026-02-20T12:13:20Z,3.634,37.95,-73.7
2026-02-20T12:13:21Z,3.634,37.93,-74.2
2026-02-20T12:13:22Z,3.631,37.88,-73.8
2026-02-20T12:13:23Z,3.63,37.82,-72.4
2026-02-20T12:13:24Z,3.63,37.79,-72.5
2026-02-20T12:13:25Z,3.629,37.79,-73.2
2026-02-20T12:13:26Z,3.632,37.75,-73.0
2026-02-20T12:13:27Z,3.632,37.73,-73.3
2026-02-20T12:13:28Z,3.632,37.77,-73.5
2026-02-20T12:13:29Z,3.632,37.76,-72.3
2026-02-20T12:13:30Z,3.635,37.83,-71.7
2026-02-20T12:13:31Z,3.636,37.87,-72.4
2026-02-20T12:13:32Z,3.637,37.87,-72.1
2026-02-20T12:13:33Z,3.635,37.91,-72.7
2026-02-20T12:13:34Z,3.633,37.9,-70.9
2026-02-20T12:13:35Z,3.632,37.93,-71.4
2026-02-20T12:13:36Z,3.631,37.92,-70.3
2026-02-20T12:13:37Z,3.629,37.93,-70.7
2026-02-20T12:13:38Z,3.628,37.88,-71.0
2026-02-20T12:13:39Z,3.629,37.88,-72.1
2026-02-20T12:13:40Z,3.627,37.91,-71.7
2026-02-20T12:13:41Z,3.625,37.91,-72.8
2026-02-20T12:13:42Z,3.625,37.91,-73.1
2026-02-20T12:13:43Z,3.626,37.92,-73.1
2026-02-20T12:13:44Z,3.625,37.93,-72.1
2026-02-20T12:13:45Z,3.626,37.94,-73.0
2026-02-20T12:13:46Z,3.627,37.9,-74.7
2026-02-20T12:13:47Z,3.627,37.92,-74.1
2026-02-20T12:13:48Z,3.629,37.91,-73.5
2026-02-20T12:13:49Z,3.629,37.9,-73.2
2026-02-20T12:13:50Z,3.628,37.89,-72.6
2026-02-20T12:13:51Z,3.627,37.83,-72.1
2026-02-20T12:13:52Z,3.627,37.87,-72.9
2026-02-20T12:13:53Z,3.627,37.86,-75.1
2026-02-20T12:13:54Z,3.629,37.85,-75.7
2026-02-20T12:13:55Z,3.626,37.82,-75.9
2026-02-20T12:13:56Z,3.624,37.87,-74.9
2026-02-20T12:13:57Z,3.624,37.86,-75.8
2026-02-20T12:13:58Z,3.626,37.9,-76.1
2026-02-20T12:13:59Z,3.625,37.92,-76.9
2026-02-20T12:14:00Z,3.625,37.93,-76.3
2026-02-20T12:14:01Z,3.626,37.94,-75.1
2026-02-20T12:14:02Z,3.625,37.92,-74.0
2026-02-20T12:14:03Z,3.626,37.9,-74.0
2026-02-20T12:14:04Z,3.626,37.85,-73.4
2026-02-20T12:14:05Z,3.626,37.84,-74.5
2026-02-20T12:14:06Z,3.626,37.82,-74.8
2026-02-20T12:14:07Z,3.628,37.85,-73.8
2026-02-20T12:14:08Z,3.629,37.83,-74.0
2026-02-20T12:14:09Z,3.631,37.78,-74.0
2026-02-20T12:14:10Z,3.631,37.78,-74.6
2026-02-20T12:14:11Z,3.632,37.73,-75.7
2026-02-20T12:14:12Z,3.63,37.75,-75.9
2026-02-20T12:14:13Z,3.63,37.78,-76.5
2026-02-20T12:14:14Z,3.628,37.72,-76.6
2026-02-20T12:14:15Z,3.627,37.74,-74.9
2026-02-20T12:14:16Z,3.628,37.78,-76.1
2026-02-20T12:14:17Z,3.628,37.75,-76.2
2026-02-20T12:14:18Z,3.627,37.74,-76.3
2026-02-20T12:14:19Z,3.628,37.79,-76.4
2026-02-20T12:14:20Z,3.627,37.85,-76.0
2026-02-20T12:14:21Z,3.627,37.9,-75.9
2026-02-20T12:14:22Z,3.629,37.91,-76.0
2026-02-20T12:14:23Z,3.631,37.91,-76.6
2026-02-20T12:14:24Z,3.63,37.89,-76.9
2026-02-20T12:14:25Z,3.63,37.87,-78.0
2026-02-20T12:14:26Z,3.63,37.82,-78.1
2026-02-20T12:14:27Z,3.634,37.83,-78.7
2026-02-20T12:14:28Z,3.632,37.86,-79.1
2026-02-20T12:14:29Z,3.634,37.82,-79.3
2026-02-20T12:14:30Z,3.635,37.82,-79.5
2026-02-20T12:14:31Z,3.635,37.86,-77.7
2026-02-20T12:14:32Z,3.635,37.84,-77.8
2026-02-20T12:14:33Z,3.638,37.86,-77.8
2026-02-20T12:14:34Z,3.638,37.89,-78.6
2026-02-20T12:14:35Z,3.636,37.88,-77.9
2026-02-20T12:14:36Z,3.634,37.85,-78.1
2026-02-20T12:14:37Z,3.633,37.81,-77.3
2026-02-20T12:14:38Z,3.633,37.83,-77.1
2026-02-20T12:14:39Z,3.632,37.86,-75.1
2026-02-20T12:14:40Z,3.632,37.92,-76.4
2026-02-20T12:14:41Z,3.632,37.94,-77.0
2026-02-20T12:14:42Z,3.635,37.9,-77.0
2026-02-20T12:14:43Z,3.638,37.93,-76.3
2026-02-20T12:14:44Z,3.639,37.91,-76.1
2026-02-20T12:14:45Z,3.639,37.91,-76.1
2026-02-20T12:14:46Z,3.639,37.9,-77.6
2026-02-20T12:14:47Z,3.635,37.92,-78.7
2026-02-20T12:14:48Z,3.633,37.9,-76.9
2026-02-20T12:14:49Z,3.631,37.92,-76.6
2026-02-20T12:14:50Z,3.632,37.91,-77.5
2026-02-20T12:14:51Z,3.633,37.92,-77.6
2026-02-20T12:14:52Z,3.632,37.88,-78.1
2026-02-20T12:14:53Z,3.631,37.92,-77.7
2026-02-20T12:14:54Z,3.63,37.95,-78.4
2026-02-20T12:14:55Z,3.63,37.96,-76.5
2026-02-20T12:14:56Z,3.63,37.96,-76.4
2026-02-20T12:14:57Z,3.632,37.93,-77.0
2026-02-20T12:14:58Z,3.63,37.9,-75.7
2026-02-20T12:14:59Z,3.629,37.94,-75.4
